Name,Age,City
Alice,30,"New York"
Bob,25,Los Angeles
Charlie,35,"San Francisco"
David,40,Chicago
Eve,22,Houston
Frank,28,Phoenix
Grace,33,Philadelphia
Hannah,27,San Antonio
Ivan,31,San Diego
Jack,29,Dallas
Alice,30,"New York"
Bob,25,Los Angeles
Charlie,35,"San Francisco"
David,40,Chicago
Eve,22,Houston
Frank,28,Phoenix
Grace,33,Philadelphia
Hannah,27,San Antonio
Ivan,31,San Diego
Jack,29,Dallas
Alice,30,"New York"
Bob,25,Los Angeles
Charlie,35,"San Francisco"
David,40,Chicago
Eve,22,Houston
Frank,28,Phoenix
Grace,33,Philadelphia
Hannah,27,San Antonio
Ivan,31,San Diego
Jack,29,Dallas
Alice,30,"New York"
Bob,25,Los Angeles
Charlie,35,"San Francisco"
David,40,Chicago
Eve,22,Houston
Frank,28,Phoenix
Grace,33,Philadelphia
Hannah,27,San Antonio
Ivan,31,San Diego
Jack,29,Dallas
Alice,30,"New York"
Bob,25,Los Angeles
Charlie,35,"San Francisco"
David,40,Chicago
Eve,22,Houston
Frank,28,Phoenix
Grace,33,Philadelphia
Hannah,27,San Antonio
Ivan,31,San Diego
Jack,29,Dallas
Alice,30,"New York"
Bob,25,Los Angeles
Charlie,35,"San Francisco"
David,40,Chicago
Eve,22,Houston
Frank,28,Phoenix
Grace,33,Philadelphia
Hannah,27,San Antonio
Ivan,31,San Diego
Jack,29,Dallas
Alice,30,"New York"
Bob,25,Los Angeles
Charlie,35,"San Francisco"
David,40,Chicago
Eve,22,Houston
Frank,28,Phoenix
Grace,33,Philadelphia
Hannah,27,San Antonio
Ivan,31,San Diego
Jack,29,Dallas
Alice,30,"New York"
Bob,25,Los Angeles
Charlie,35,"San Francisco"
David,40,Chicago
Eve,22,Houston
Frank,28,Phoenix
Grace,33,Philadelphia
Hannah,27,San Antonio
Ivan,31,San Diego
Jack,29,Dallas
Alice,30,"New York"
Bob,25,Los Angeles
Charlie,35,"San Francisco"
David,40,Chicago
Eve,22,Houston
Frank,28,Phoenix
Grace,33,Philadelphia
Hannah,27,San Antonio
Ivan,31,San Diego
Jack,29,Dallas
Alice,30,"New York"
Bob,25,Los Angeles
Charlie,35,"San Francisco"
David,40,Chicago
Eve,22,Houston
Frank,28,Phoenix
Grace,33,Philadelphia
Hannah,27,San Antonio
Ivan,31,San Diego
Jack,29,Dallas
Alice,30,"New York"
Bob,25,Los Angeles
Charlie,35,"San Francisco"
David,40,Chicago
Eve,22,Houston
Frank,28,Phoenix
Grace,33,Philadelphia
Hannah,27,San Antonio
Ivan,31,San Diego
Jack,29,Dallas
